{"stats":{"minecraft:dropped":{"minecraft:oak_pressure_plate":1,"minecraft:cracked_stone_bricks":2,"minecraft:leather_helmet":2,"twigs:twig":2,"minecraft:rotten_flesh":13,"minecraft:leather_chestplate":1,"apotheosis:gem":2,"minecraft:arrow":30,"minecraft:stick":3,"forbidden_arcanus:spawner_scrap":3,"minecraft:oak_stairs":1,"minecraft:flowering_azalea":2,"minecraft:string":22,"minecraft:moss_carpet":1,"minecraft:big_dripleaf":2,"minecraft:spider_eye":2},"minecraft:mined":{"minecraft:dark_oak_planks":16,"minecraft:stone_pressure_plate":3,"minecraft:spruce_planks":3,"minecraft:white_bed":3,"irons_spellbooks:armor_pile":1,"minecraft:brewing_stand":1,"minecraft:granite":4,"minecraft:grass_block":463,"quark:green_corundum_cluster":1,"minecraft:oak_pressure_plate":1,"minecraft:spawner":89,"byg:sythian_nylium":2,"minecraft:glowstone":58,"ironfurnaces:gold_furnace":1,"minecraft:iron_ore":25,"minecraft:deepslate_lapis_ore":5,"minecraft:nether_brick_stairs":1,"minecraft:enchanting_table":1,"minecraft:dark_oak_stairs":4,"minecraft:cave_vines":1,"minecraft:spruce_pressure_plate":1,"minecraft:oak_stairs":2,"minecraft:iron_bars":36,"minecraft:azalea":1,"minecraft:spruce_slab":1,"minecraft:green_bed":2,"minecraft:quartz_block":3,"lootr:lootr_chest":1,"twigs:azalea_flowers":1,"minecraft:torch":1,"delightful:pumpkin_pie":2,"minecraft:dark_oak_wood":4,"galosphere:silver_ore":9,"minecraft:nether_quartz_ore":46,"minecraft:cobblestone":8,"minecraft:oak_planks":18,"minecraft:iron_door":3,"minecraft:wall_torch":2,"byg:soapstone":17,"supplementaries:skull_candle":1,"minecraft:dark_oak_slab":25,"minecraft:birch_log":1,"iter_rpg:abyssquartz_block":4,"celestisynth:solar_crystal":8,"minecraft:light_gray_wool":25,"minecraft:stripped_oak_wood":2,"celestisynth:lunar_stone":23,"minecraft:stone_brick_stairs":3,"minecraft:grass":12,"minecraft:oak_log":381,"minecraft:sand":18,"minecraft:dirt":113,"structure_gel:dynamic_spawner":1,"minecraft:wither_skeleton_skull":6,"minecraft:netherrack":75,"minecraft:oak_leaves":71,"minecraft:deepslate":7,"minecraft:redstone_lamp":1,"minecraft:nether_gold_ore":4,"minecraft:mossy_cobblestone":11,"minecraft:dark_oak_leaves":1,"minecraft:deepslate_diamond_ore":3,"minecraft:candle":14,"minecraft:dark_oak_log":55,"minecraft:nether_bricks":4,"minecraft:dark_oak_fence":39,"iter_rpg:big_vase":2,"minecraft:hay_block":7,"minecraft:redstone_ore":5,"minecraft:dark_oak_fence_gate":2,"minecraft:stripped_spruce_log":1,"minecraft:mossy_stone_brick_stairs":1,"minecraft:bookshelf":44,"minecraft:vine":33,"minecraft:lantern":5,"irons_spellbooks:inscription_table":1,"minecraft:stone":608,"forbidden_arcanus:carved_edelwood_log":1,"twigs:pebble":3,"minecraft:crafting_table":5,"minecraft:emerald_ore":3,"minecraft:oak_wood":12,"iter_rpg:vase":1,"minecraft:campfire":1,"woodworks:oak_chest":3,"minecraft:copper_ore":6,"minecraft:lapis_ore":25,"ars_elemental:yellow_archwood_log":1,"supplementaries:urn":4,"byg:sythian_stem":1,"minecraft:lime_bed":2,"minecraft:coarse_dirt":20,"ars_nouveau:blue_archwood_log":1,"forbidden_arcanus:edelwood_log":1,"forbidden_arcanus:xpetrified_ore":3,"iter_rpg:abyss_quartz":2,"minecraft:spruce_log":6,"minecraft:birch_leaves":3,"quark:green_corundum":1,"minecraft:coal_ore":31,"minecraft:gravel":6,"minecraft:cyan_carpet":2,"minecraft:lodestone":1,"minecraft:cobweb":40,"minecraft:cracked_stone_bricks":1,"minecraft:stone_bricks":30,"minecraft:small_dripleaf":1,"minecraft:mossy_stone_bricks":1,"minecraft:gold_ore":3,"forbidden_arcanus:runic_deepslate":1},"minecraft:used":{"woodworks:dark_oak_chest":2,"minecraft:spruce_slab":1,"minecraft:chest":2,"minecraft:shield":48,"minecraft:stone":2,"minecraft:iron_sword":1001,"undead_unleashed:grave_metal_sword":60,"minecraft:carrot":29,"undead_unleashed:grave_metal_axe":273,"minecraft:obsidian":16,"minecraft:lantern":2,"minecraft:dark_oak_slab":4,"easy_villagers:iron_farm":1,"minecraft:stone_brick_stairs":2,"minecraft:stone_bricks":332,"minecraft:redstone_lamp":1,"minecraft:oak_sapling":144,"cisco_mod:bright_pickaxe":44,"minecraft:potato":52,"cisco_mod:brightsteel_multi_tool":5,"minecraft:dark_oak_stairs":4,"minecraft:wither_skeleton_skull":12,"apotheosis:simple_reforging_table":1,"minecraft:oak_planks":71,"byg:sythian_stem":1,"minecraft:diamond_axe":52,"minecraft:crossbow":1,"waystones:waystone":2,"minecraft:bread":65,"minecraft:diamond_sword":606,"minecraft:smithing_table":1,"minecraft:dark_oak_fence":28,"minecraft:experience_bottle":4,"minecraft:trident":121,"ironfurnaces:gold_furnace":2,"minecraft:enchanting_table":1,"minecraft:iron_bars":10,"minecraft:flint_and_steel":1,"woodworks:oak_chest":7,"minecraft:spruce_planks":3,"minecraft:netherrack":3,"minecraft:torch":292,"minecraft:dirt":176,"cisco_mod:slumbering_equillibrium":20,"minecraft:oak_wood":8,"minecraft:iron_hoe":72,"minecraft:dark_oak_planks":233,"minecraft:wooden_axe":19,"minecraft:bookshelf":22,"minecraft:iron_axe":408,"minecraft:oak_stairs":22,"apotheosis:gem_cutting_table":1,"ars_elemental:yellow_archwood_log":1,"minecraft:cooked_beef":55,"minecraft:water_bucket":4,"minecraft:baked_potato":19,"minecraft:green_bed":2,"cisco_mod:darksteel_multitool":298,"minecraft:mossy_cobblestone":3,"minecraft:lime_bed":2,"minecraft:crafting_table":7,"ars_nouveau:blue_archwood_log":1,"minecraft:dark_oak_fence_gate":6,"minecraft:white_bed":3,"minecolonies:supplychestdeployer":1,"minecraft:oak_log":333,"minecraft:diamond_pickaxe":494,"minecraft:apple":15,"minecraft:diamond_shovel":318,"minecraft:iron_pickaxe":667,"minecraft:cobblestone":192,"minecraft:cooked_porkchop":2,"minecraft:bucket":5,"minecraft:candle":59,"irons_spellbooks:inscription_table":1},"minecraft:killed":{"iter_rpg:goblin":2,"minecraft:cave_spider":10,"minecraft:zombified_piglin":1,"irons_spellbooks:pyromancer":1,"minecraft:spider":31,"iter_rpg:forest_vines":3,"minecraft:skeleton":33,"irons_spellbooks:apothecarist":1,"majruszsdifficulty:creeperling":1,"minecraft:silverfish":5,"irons_spellbooks:summoned_skeleton":2,"enemyexpansion:vampflyer":1,"minecraft:magma_cube":8,"minecraft:pig":14,"enemyexpansion:ladybug":1,"irons_spellbooks:necromancer":2,"minecraft:creeper":8,"minecraft:pillager":44,"minecraft:zombie":119,"enemyexpansion:vampire":1,"minecraft:stray":12,"enemyexpansion:botfly":14,"undead_unleashed:haunter":10,"minecraft:cow":4,"irons_spellbooks:summoned_zombie":6,"enemyexpansion:vampbiter":1,"minecraft:vindicator":9,"enemyexpansion:direwolf":2,"goblintraders:goblin_trader":2,"minecraft:bat":1,"irons_spellbooks:citadel_keeper":1,"majruszsdifficulty:cursed_armor":19,"whisperwoods:zotzpyre":1,"iter_rpg:goblin_warrior":2,"enemyexpansion:huntsman":3,"mutantmonsters:mutant_zombie":1,"minecraft:wither_skeleton":30,"enemyexpansion:slugger":1},"minecraft:killed_by":{"minecraft:zombified_piglin":1,"minecraft:wither_skeleton":4,"minecraft:pillager":3,"minecraft:zoglin":2,"minecraft:vindicator":17,"irons_spellbooks:citadel_keeper":3,"minecraft:zombie":19,"majruszsdifficulty:cursed_armor":1,"enemyexpansion:invisicreeper":2,"irons_spellbooks:necromancer":2,"minecraft:skeleton":18,"enemyexpansion:ladybug":1},"minecraft:custom":{"enigmaticlegacy:play_time_with_seven_curses":0,"lootr:looted_stat":214,"minecraft:interact_with_crafting_table":115,"minecraft:open_barrel":2,"goblintraders:trade_with_goblin":28,"minecraft:leave_game":5,"minecraft:time_since_death":21741,"minecraft:damage_resisted":660,"minecraft:sprint_one_cm":1141784,"minecraft:damage_blocked_by_shield":3083,"minecraft:drop":24,"minecraft:talked_to_villager":6,"minecraft:play_time":834395,"minecraft:deaths":74,"minecraft:jump":1659,"minecraft:walk_on_water_one_cm":82914,"minecraft:interact_with_furnace":70,"minecraft:sleep_in_bed":33,"minecraft:waystone_activated":4,"minecraft:damage_dealt":256872,"minecraft:crouch_one_cm":17214,"minecraft:interact_with_smithing_table":14,"minecraft:mob_kills":424,"minecraft:damage_dealt_resisted":1912,"minecraft:climb_one_cm":21355,"minecraft:walk_one_cm":3763744,"minecraft:damage_dealt_absorbed":319,"minecraft:sneak_time":5024,"minecraft:walk_under_water_one_cm":35776,"minecraft:interact_with_blast_furnace":2,"minecraft:total_world_time":916571,"enigmaticlegacy:play_time_without_seven_curses":832383,"minecraft:interact_with_grindstone":2,"minecraft:time_since_rest":1214,"minecraft:damage_taken":36910,"minecraft:fly_one_cm":813065,"minecraft:open_chest":202,"minecraft:aviate_one_cm":6086158,"minecraft:fall_one_cm":616658},"minecraft:crafted":{"minecraft:smooth_stone":0,"minecraft:oak_planks":216,"minecraft:stone":1,"minecraft:bookshelf":17,"cisco_mod:darksteel":4,"minecraft:glass":0,"minecraft:stone_bricks":308,"cisco_mod:darksteel_multitool":1,"cisco_mod:darksteel_armor_helmet":1,"minecraft:spruce_planks":20,"minecraft:copper_ingot":44,"minecraft:gold_block":1,"cisco_mod:brightsteel_ingot":9,"cisco_mod:adventurer_chestplate":1,"cisco_mod:raw_brightsteel":39,"minecraft:stick":56,"minecraft:iron_ingot":16,"minecraft:iron_block":8,"minecraft:gold_ingot":12,"minecraft:netherite_ingot":1,"cisco_mod:darksteel_armor_chestplate":1,"minecraft:dark_oak_fence_gate":4,"cisco_mod:brightsteel_leggings":1,"cisco_mod:brightsteel_chestplate":1,"minecraft:netherite_scrap":0,"minecraft:dark_oak_planks":268,"minecraft:bucket":2,"minecraft:air":0,"woodworks:oak_chest":2,"cisco_mod:darksteel_armor_boots":1,"minecraft:gold_nugget":0,"enigmaticlegacy:etherium_ingot":0,"minecraft:oak_stairs":24,"minecraft:anvil":1,"minecraft:torch":256},"minecraft:picked_up":{"irons_spellbooks:scroll":2,"minecraft:iron_chestplate":1,"enigmaticlegacy:corrupted_tome":1,"minecraft:lead":4,"minecraft:oak_stairs":3,"minecraft:enchanted_book":1,"minecraft:golden_shovel":1,"minecraft:stone_brick_stairs":4,"minecraft:infested_stone":21,"forbidden_arcanus:xpetrified_orb":2,"minecraft:string":69,"minecraft:raw_copper":27,"irons_spellbooks:nature_rune":1,"minecraft:iron_leggings":3,"minecraft:experience_bottle":4,"woodworks:oak_chest":3,"forbidden_arcanus:carved_edelwood_log":1,"irons_spellbooks:arcane_essence":10,"minecraft:gold_nugget":48,"minecraft:cobbled_deepslate":7,"bosses_of_mass_destruction:soul_star":2,"minecraft:spruce_planks":3,"twigs:pebble":14,"delightful:acorn":45,"celestisynth:lunar_stone":23,"undead_unleashed:grave_metal_sword":3,"minecraft:azalea":1,"irons_spellbooks:inscription_table":1,"farmersdelight:ratatouille":16,"minecraft:golden_helmet":2,"minecraft:tipped_arrow":5,"minecraft:stick":4,"apotheosis:rare_material":15,"apotheosis:gem":36,"minecraft:big_dripleaf":2,"minecraft:torch":10,"minecraft:green_bed":2,"minecraft:porkchop":10,"irons_spellbooks:fire_rune":1,"minecraft:golden_chestplate":2,"majruszsaccessories:dream_catcher":2,"mutantmonsters:hulk_hammer":1,"minecraft:quartz_block":4,"minecraft:stone_sword":2,"minecraft:rotten_flesh":106,"minecraft:tropical_fish":5,"cisco_mod:adventurer_leggings":1,"supplementaries:ash":13,"minecraft:iron_bars":28,"minecraft:cobblestone":514,"majruszsaccessories:tool_scraps":1,"minecraft:leather_chestplate":4,"minecraft:cooked_beef":7,"minecraft:magma_cream":2,"minecraft:iron_door":2,"minecraft:golden_leggings":2,"minecraft:wither_skeleton_skull":12,"minecraft:lapis_lazuli":259,"minecraft:dirt":490,"minecraft:lantern":6,"minecraft:leather_boots":4,"minecraft:bone":87,"majruszsaccessories:miner_guide":1,"minecraft:wheat_seeds":5,"minecraft:raw_gold":3,"cisco_mod:adventurer_helmet":1,"forbidden_arcanus:rune":1,"minecraft:diamond_helmet":1,"minecraft:glowstone_dust":181,"twigs:twig":75,"minecraft:oak_planks":18,"minecraft:mossy_stone_brick_stairs":2,"minecraft:cooked_porkchop":22,"irons_spellbooks:frozen_bone":42,"irons_spellbooks:legendary_ink":1,"minecraft:oak_pressure_plate":1,"royalvariations:royal_bone":1,"minecraft:sand":15,"undead_unleashed:grave_metal_leggings":1,"twigs:azalea_flowers":2,"minecraft:stripped_spruce_log":1,"minecraft:nether_brick_stairs":1,"ars_elemental:yellow_archwood_log":1,"iter_rpg:stone_geode":2,"minecraft:dark_oak_log":52,"iter_rpg:abyssquartz_block":4,"minecraft:mossy_cobblestone":14,"apotheosis:improved_scrap_tome":3,"minecraft:diamond":7,"minecraft:soul_lantern":2,"waystones:waystone":1,"iter_rpg:abyssquartz_shard":5,"minecraft:crossbow":2,"minecraft:bread":4,"minecraft:emerald":28,"minecraft:oak_sapling":164,"minecraft:netherrack":72,"minecraft:dark_oak_fence":39,"iter_rpg:spawner_fragment":27,"minecraft:charcoal":2,"minecraft:coarse_dirt":20,"minecraft:crafting_table":5,"byg:soapstone":16,"minecraft:clay_ball":2,"minecraft:leather_leggings":5,"irons_spellbooks:tarnished_helmet":1,"minecraft:shield":1,"farmersdelight:diamond_knife":1,"minecraft:moss_carpet":1,"minecraft:iron_axe":1,"minecraft:flint_and_steel":1,"minecraft:netherite_scrap":4,"minecraft:iron_shovel":2,"minecraft:cyan_carpet":2,"minecraft:cracked_stone_bricks":3,"minecraft:candle":46,"minecraft:netherite_sword":1,"minecraft:iron_nugget":19,"minecraft:spruce_slab":1,"minecraft:light_gray_wool":25,"minecraft:chest":2,"knightlib:small_essence":49,"minecraft:raw_iron":8,"minecraft:stone":2,"quark:green_corundum_cluster":3,"ars_nouveau:blue_archwood_log":1,"minecraft:carrot":9,"minecraft:redstone":23,"minecraft:stone_pressure_plate":3,"minecraft:dark_oak_planks":16,"minecraft:arrow":127,"minecraft:diamond_chestplate":2,"celestisynth:solar_crystal":8,"ironfurnaces:gold_furnace":1,"minecraft:nether_bricks":4,"minecraft:diamond_boots":1,"minecraft:hay_block":7,"minecraft:saddle":1,"minecraft:gold_ingot":9,"cisco_mod:champion_coin":1,"forbidden_arcanus:spawner_scrap":49,"ars_nouveau:amethyst_golem_charm":1,"minecraft:bone_block":13,"apotheosis:sigil_of_socketing":2,"minecraft:lime_bed":2,"minecraft:leather":4,"minecraft:oak_log":381,"minecraft:chainmail_chestplate":2,"minecraft:golden_boots":1,"minecraft:gunpowder":3,"cisco_mod:adventurer_boots":1,"minecraft:white_banner":1,"irons_spellbooks:rare_ink":2,"minecraft:apple":18,"minecraft:stone_bricks":31,"iter_rpg:potsherd":2,"minecraft:iron_ingot":1,"minecraft:stripped_oak_wood":2,"undead_unleashed:grave_metal_boots":1,"apotheosis:gem_dust":2,"irons_spellbooks:cinder_essence":1,"minecraft:iron_sword":1,"minecraft:flowering_azalea":2,"minecraft:dark_oak_stairs":4,"minecraft:book":132,"minecraft:dark_oak_slab":25,"minecraft:quartz":46,"minecraft:gravel":6,"minecraft:amethyst_shard":2,"undead_unleashed:grave_metal_scrap":32,"byg:sythian_stem":1,"minecraft:white_bed":3,"minecraft:spruce_log":6,"minecraft:dark_oak_fence_gate":2,"minecraft:spider_eye":11,"quark:green_corundum":1,"farmersdelight:bacon_and_eggs":16,"minecraft:leather_helmet":9,"minecraft:oak_wood":12,"minecraft:chainmail_leggings":1,"minecraft:iron_helmet":1,"minecraft:diamond_axe":1,"undead_unleashed:grave_metal_axe":1,"minecraft:lodestone":1,"minecraft:baked_potato":2,"minecraft:dark_oak_wood":4,"minecraft:coal":68,"minecraft:wooden_axe":4},"minecraft:broken":{"minecraft:diamond_helmet":1,"undead_unleashed:grave_metal_axe":1,"minecraft:iron_sword":2,"mcsa:redstone_riot_chestplate":2,"cisco_mod:adventurer_helmet":1,"minecraft:diamond_leggings":1,"cisco_mod:adventurer_boots":1,"minecraft:shield":1,"minecraft:diamond_axe":1,"minecraft:iron_axe":1,"minecraft:iron_pickaxe":2}},"DataVersion":3120}